priority,pair_id,english_page,spanish_page,page_name,placement,current_asset,requested_filename,shot_brief_en,shot_brief_es,recommended_dimensions,crop_guidance,delivery_format,target_web_weight,rights_requirement,status
Critical,CAT001,/,/es/,Chocó Andino Tours,content_card,/assets/images/pages/placeholders/placeholder-tour.jpg,assets/images/pages/replacements/cat001-card-03.jpg,Rural road lined with palms in northwest Ecuador,Camino rural rodeado de palmas en el noroccidente del Ecuador,1600x900 minimum,16:9 landscape; keep subject away from edges,"High-quality JPG, TIFF or PNG original; site copy will be optimized to WebP",250 KB or less,Owned or licensed for commercial web use; identifiable people require permission,replace_now_placeholder
Critical,CAT002,/tours/,/es/tours/,Chocó Andino Tours and Guided Routes,content_card,/assets/images/pages/placeholders/placeholder-tour.jpg,assets/images/pages/replacements/cat002-card-04.jpg,Rural road through palm-covered hills in northwest Ecuador,Camino rural entre colinas con palmas en el noroccidente del Ecuador,1600x900 minimum,16:9 landscape; keep subject away from edges,"High-quality JPG, TIFF or PNG original; site copy will be optimized to WebP",250 KB or less,Owned or licensed for commercial web use; identifiable people require permission,replace_now_placeholder
Critical,CAT002,/tours/,/es/tours/,Chocó Andino Tours and Guided Routes,content_card,/assets/images/pages/placeholders/placeholder-gallery.jpg,assets/images/pages/replacements/cat002-card-05.jpg,Binoculars overlooking cloud forest habitat,Binoculares frente al hábitat del bosque nublado,1600x900 minimum,16:9 landscape; keep subject away from edges,"High-quality JPG, TIFF or PNG original; site copy will be optimized to WebP",250 KB or less,Owned or licensed for commercial web use; identifiable people require permission,replace_now_placeholder
Critical,CAT002,/tours/,/es/tours/,Chocó Andino Tours and Guided Routes,content_card,/assets/images/pages/placeholders/placeholder-hero.jpg,assets/images/pages/replacements/cat002-card-06.jpg,Photography equipment facing Chocó Andino forest,Equipo fotográfico frente al bosque del Chocó Andino,1600x900 minimum,16:9 landscape; keep subject away from edges,"High-quality JPG, TIFF or PNG original; site copy will be optimized to WebP",250 KB or less,Owned or licensed for commercial web use; identifiable people require permission,replace_now_placeholder
Critical,CAT003,/experiences/,/es/experiencias/,Chocó Andino Experiences,content_card,/assets/images/pages/placeholders/placeholder-tour.jpg,assets/images/pages/replacements/cat003-card-03.jpg,Rural road and palms in a Chocó Andino community landscape,Camino rural y palmas en un paisaje comunitario del Chocó Andino,1600x900 minimum,16:9 landscape; keep subject away from edges,"High-quality JPG, TIFF or PNG original; site copy will be optimized to WebP",250 KB or less,Owned or licensed for commercial web use; identifiable people require permission,replace_now_placeholder
Critical,CAT003,/experiences/,/es/experiencias/,Chocó Andino Experiences,content_card,/assets/images/pages/placeholders/placeholder-gallery.jpg,assets/images/pages/replacements/cat003-card-06.jpg,Binoculars overlooking cloud forest habitat,Binoculares frente al hábitat del bosque nublado,1600x900 minimum,16:9 landscape; keep subject away from edges,"High-quality JPG, TIFF or PNG original; site copy will be optimized to WebP",250 KB or less,Owned or licensed for commercial web use; identifiable people require permission,replace_now_placeholder
Critical,CAT005,/contact/,/es/contacto/,Contact Chocó Andino Tours,content_card,/assets/images/pages/placeholders/placeholder-clouds.jpg,assets/images/pages/replacements/cat005-card-01.jpg,Clouds moving across a Chocó Andino landscape,Nubes sobre un paisaje del Chocó Andino,1600x900 minimum,16:9 landscape; keep subject away from edges,"High-quality JPG, TIFF or PNG original; site copy will be optimized to WebP",250 KB or less,Owned or licensed for commercial web use; identifiable people require permission,replace_now_placeholder
High,CAT006,/about/,/es/sobre-nosotros/,About Chocó Andino Tours,content_card,/assets/images/pages/placeholders/placeholder-clouds.jpg,assets/images/pages/replacements/cat006-card-03.jpg,Clouds moving through forest in the Chocó Andino,Nubes atravesando el bosque del Chocó Andino,1600x900 minimum,16:9 landscape; keep subject away from edges,"High-quality JPG, TIFF or PNG original; site copy will be optimized to WebP",250 KB or less,Owned or licensed for commercial web use; identifiable people require permission,replace_now_placeholder
High,CAT007,/choco-andino-travel-guide/,/es/guia-de-viaje-choco-andino/,Chocó Andino Travel Guide,content_card,/assets/images/pages/placeholders/placeholder-clouds.jpg,assets/images/pages/replacements/cat007-card-01.jpg,Clouds over forested ridges in the Chocó Andino,Nubes sobre las cordilleras boscosas del Chocó Andino,1600x900 minimum,16:9 landscape; keep subject away from edges,"High-quality JPG, TIFF or PNG original; site copy will be optimized to WebP",250 KB or less,Owned or licensed for commercial web use; identifiable people require permission,replace_now_placeholder
High,CAT008,/choco-andino-biosphere-reserve/,/es/reserva-de-biosfera-choco-andino/,Chocó Andino Biosphere Reserve,content_card,/assets/images/pages/placeholders/placeholder-clouds.jpg,assets/images/pages/replacements/cat008-card-03.jpg,Clouds moving through a forested landscape,Nubes atravesando un paisaje de bosque,1600x900 minimum,16:9 landscape; keep subject away from edges,"High-quality JPG, TIFF or PNG original; site copy will be optimized to WebP",250 KB or less,Owned or licensed for commercial web use; identifiable people require permission,replace_now_placeholder
High,CAT009,/things-to-do-in-choco-andino/,/es/que-hacer-en-el-choco-andino/,Things to Do in the Chocó Andino,content_card,/assets/images/pages/placeholders/placeholder-hero.jpg,assets/images/pages/replacements/cat009-card-01.jpg,Rural community landscape in the Chocó Andino,Paisaje comunitario rural del Chocó Andino,1600x900 minimum,16:9 landscape; keep subject away from edges,"High-quality JPG, TIFF or PNG original; site copy will be optimized to WebP",250 KB or less,Owned or licensed for commercial web use; identifiable people require permission,replace_now_placeholder
High,CAT009,/things-to-do-in-choco-andino/,/es/que-hacer-en-el-choco-andino/,Things to Do in the Chocó Andino,content_card,/assets/images/pages/placeholders/placeholder-clouds.jpg,assets/images/pages/replacements/cat009-card-04.jpg,Clouds moving through forested ridges,Nubes sobre cordilleras cubiertas de bosque,1600x900 minimum,16:9 landscape; keep subject away from edges,"High-quality JPG, TIFF or PNG original; site copy will be optimized to WebP",250 KB or less,Owned or licensed for commercial web use; identifiable people require permission,replace_now_placeholder
High,CAT009,/things-to-do-in-choco-andino/,/es/que-hacer-en-el-choco-andino/,Things to Do in the Chocó Andino,content_card,/assets/images/pages/placeholders/placeholder-gallery.jpg,assets/images/pages/replacements/cat009-card-05.jpg,Water and forest scenery in the Andean foothills,Agua y bosque en las estribaciones andinas,1600x900 minimum,16:9 landscape; keep subject away from edges,"High-quality JPG, TIFF or PNG original; site copy will be optimized to WebP",250 KB or less,Owned or licensed for commercial web use; identifiable people require permission,replace_now_placeholder
High,CAT010,/choco-andino-day-trip-from-quito/,/es/excursion-choco-andino-desde-quito/,Chocó Andino Day Trip from Quito,content_card,/assets/images/pages/placeholders/placeholder-hero.jpg,assets/images/pages/replacements/cat010-card-01.jpg,Rural landscape and local activity in the Chocó Andino,Paisaje rural y actividad local en el Chocó Andino,1600x900 minimum,16:9 landscape; keep subject away from edges,"High-quality JPG, TIFF or PNG original; site copy will be optimized to WebP",250 KB or less,Owned or licensed for commercial web use; identifiable people require permission,replace_now_placeholder
High,CAT010,/choco-andino-day-trip-from-quito/,/es/excursion-choco-andino-desde-quito/,Chocó Andino Day Trip from Quito,content_card,/assets/images/pages/placeholders/placeholder-clouds.jpg,assets/images/pages/replacements/cat010-card-03.jpg,Clouds moving through forested ridges in the Chocó Andino,Nubes entre cordilleras boscosas del Chocó Andino,1600x900 minimum,16:9 landscape; keep subject away from edges,"High-quality JPG, TIFF or PNG original; site copy will be optimized to WebP",250 KB or less,Owned or licensed for commercial web use; identifiable people require permission,replace_now_placeholder
High,CAT011,/private-tours-choco-andino/,/es/tours-privados-choco-andino/,Private Tours in the Chocó Andino,content_card,/assets/images/pages/placeholders/placeholder-hero.jpg,assets/images/pages/replacements/cat011-card-02.jpg,Local outdoor setting suitable for a private family route,Espacio local al aire libre apropiado para una ruta familiar privada,1600x900 minimum,16:9 landscape; keep subject away from edges,"High-quality JPG, TIFF or PNG original; site copy will be optimized to WebP",250 KB or less,Owned or licensed for commercial web use; identifiable people require permission,replace_now_placeholder
High,CAT011,/private-tours-choco-andino/,/es/tours-privados-choco-andino/,Private Tours in the Chocó Andino,content_card,/assets/images/pages/placeholders/placeholder-clouds.jpg,assets/images/pages/replacements/cat011-card-03.jpg,Cloud forest ridges for a small-group regional tour,Cordilleras de bosque nublado para un tour regional de grupo pequeño,1600x900 minimum,16:9 landscape; keep subject away from edges,"High-quality JPG, TIFF or PNG original; site copy will be optimized to WebP",250 KB or less,Owned or licensed for commercial web use; identifiable people require permission,replace_now_placeholder
High,CAT011,/private-tours-choco-andino/,/es/tours-privados-choco-andino/,Private Tours in the Chocó Andino,content_card,/assets/images/pages/placeholders/placeholder-gallery.jpg,assets/images/pages/replacements/cat011-card-06.jpg,Forest and river landscape for a nature-focused route,Paisaje de bosque y río para una ruta de naturaleza,1600x900 minimum,16:9 landscape; keep subject away from edges,"High-quality JPG, TIFF or PNG original; site copy will be optimized to WebP",250 KB or less,Owned or licensed for commercial web use; identifiable people require permission,replace_now_placeholder
High,CAT013,/experiences/coffee-farms-choco-andino/,/es/experiencias/fincas-de-cafe-choco-andino/,Coffee Farm Experiences in the Chocó Andino,content_card,/assets/images/pages/placeholders/placeholder-gallery.jpg,assets/images/pages/replacements/cat013-card-02.jpg,Rural forest setting representing post-harvest coffee work,Entorno rural boscoso que representa el trabajo de poscosecha,1600x900 minimum,16:9 landscape; keep subject away from edges,"High-quality JPG, TIFF or PNG original; site copy will be optimized to WebP",250 KB or less,Owned or licensed for commercial web use; identifiable people require permission,replace_now_placeholder
Medium,CAT014,/food-and-culture-choco-andino/,/es/gastronomia-y-cultura-choco-andino/,Food and Culture of the Chocó Andino,content_card,/assets/images/pages/placeholders/placeholder-tour.jpg,assets/images/pages/replacements/cat014-card-03.jpg,A local setting suitable for a hosted meal or food conversation,Espacio local apropiado para una comida y conversación con anfitriones,1600x900 minimum,16:9 landscape; keep subject away from edges,"High-quality JPG, TIFF or PNG original; site copy will be optimized to WebP",250 KB or less,Owned or licensed for commercial web use; identifiable people require permission,replace_now_placeholder
Medium,CAT014,/food-and-culture-choco-andino/,/es/gastronomia-y-cultura-choco-andino/,Food and Culture of the Chocó Andino,content_card,/assets/images/pages/placeholders/placeholder-hero.jpg,assets/images/pages/replacements/cat014-card-04.jpg,Rural community landscape in the Chocó Andino,Paisaje comunitario rural del Chocó Andino,1600x900 minimum,16:9 landscape; keep subject away from edges,"High-quality JPG, TIFF or PNG original; site copy will be optimized to WebP",250 KB or less,Owned or licensed for commercial web use; identifiable people require permission,replace_now_placeholder
High,CAT015,/community-tourism-choco-andino/,/es/turismo-comunitario-choco-andino/,Community Tourism in the Chocó Andino,hero,/assets/images/pages/placeholders/placeholder-tour.jpg,assets/images/pages/replacements/cat015-hero.jpg,Rural road lined with palms under a broad sky in the Chocó Andino,Camino rural rodeado de palmas bajo el cielo del Chocó Andino,1800x1350 minimum,4:3 source; keep subject inside center square safe area,"High-quality JPG, TIFF or PNG original; site copy will be optimized to WebP",400 KB or less,Owned or licensed for commercial web use; identifiable people require permission,replace_now_placeholder
High,CAT015,/community-tourism-choco-andino/,/es/turismo-comunitario-choco-andino/,Community Tourism in the Chocó Andino,content_card,/assets/images/pages/placeholders/placeholder-tour.jpg,assets/images/pages/replacements/cat015-card-01.jpg,Rural access road through a productive landscape,Camino rural que atraviesa un paisaje productivo,1600x900 minimum,16:9 landscape; keep subject away from edges,"High-quality JPG, TIFF or PNG original; site copy will be optimized to WebP",250 KB or less,Owned or licensed for commercial web use; identifiable people require permission,replace_now_placeholder
High,CAT015,/community-tourism-choco-andino/,/es/turismo-comunitario-choco-andino/,Community Tourism in the Chocó Andino,content_card,/assets/images/pages/placeholders/placeholder-clouds.jpg,assets/images/pages/replacements/cat015-card-06.jpg,Clouds moving across forested mountains in the Chocó Andino,Nubes entre montañas boscosas del Chocó Andino,1600x900 minimum,16:9 landscape; keep subject away from edges,"High-quality JPG, TIFF or PNG original; site copy will be optimized to WebP",250 KB or less,Owned or licensed for commercial web use; identifiable people require permission,replace_now_placeholder
High,CAT016,/responsible-travel-choco-andino/,/es/viaje-responsable-choco-andino/,Responsible Travel in the Chocó Andino,content_card,/assets/images/pages/placeholders/placeholder-tour.jpg,assets/images/pages/replacements/cat016-card-02.jpg,Rural road passing through a palm-filled landscape,Camino rural que atraviesa un paisaje con palmas,1600x900 minimum,16:9 landscape; keep subject away from edges,"High-quality JPG, TIFF or PNG original; site copy will be optimized to WebP",250 KB or less,Owned or licensed for commercial web use; identifiable people require permission,replace_now_placeholder
High,CAT016,/responsible-travel-choco-andino/,/es/viaje-responsable-choco-andino/,Responsible Travel in the Chocó Andino,content_card,/assets/images/pages/placeholders/placeholder-gallery.jpg,assets/images/pages/replacements/cat016-card-03.jpg,Binoculars resting beside a forest viewpoint,Binoculares junto a un mirador de bosque,1600x900 minimum,16:9 landscape; keep subject away from edges,"High-quality JPG, TIFF or PNG original; site copy will be optimized to WebP",250 KB or less,Owned or licensed for commercial web use; identifiable people require permission,replace_now_placeholder
High,CAT016,/responsible-travel-choco-andino/,/es/viaje-responsable-choco-andino/,Responsible Travel in the Chocó Andino,content_card,/assets/images/pages/placeholders/placeholder-clouds.jpg,assets/images/pages/replacements/cat016-card-06.jpg,Clouds moving through a forested mountain landscape,Nubes desplazándose entre montañas boscosas,1600x900 minimum,16:9 landscape; keep subject away from edges,"High-quality JPG, TIFF or PNG original; site copy will be optimized to WebP",250 KB or less,Owned or licensed for commercial web use; identifiable people require permission,replace_now_placeholder
Medium,CAT017,/yumbo-culture-choco-andino/,/es/cultura-yumbo-choco-andino/,Yumbo Culture and the Chocó Andino,hero,/assets/images/pages/placeholders/placeholder-tour.jpg,assets/images/pages/replacements/cat017-hero.jpg,Rural road lined with palms through the mountain landscape of northwestern Pichincha,Camino rural rodeado de palmas en el paisaje montañoso del noroccidente de Pichincha,1800x1350 minimum,4:3 source; keep subject inside center square safe area,"High-quality JPG, TIFF or PNG original; site copy will be optimized to WebP",400 KB or less,Owned or licensed for commercial web use; identifiable people require permission,replace_now_placeholder
Medium,CAT017,/yumbo-culture-choco-andino/,/es/cultura-yumbo-choco-andino/,Yumbo Culture and the Chocó Andino,content_card,/assets/images/pages/placeholders/placeholder-tour.jpg,assets/images/pages/replacements/cat017-card-02.jpg,Narrow rural route recalling movement through the western slopes,Camino rural angosto que recuerda el movimiento por las laderas occidentales,1600x900 minimum,16:9 landscape; keep subject away from edges,"High-quality JPG, TIFF or PNG original; site copy will be optimized to WebP",250 KB or less,Owned or licensed for commercial web use; identifiable people require permission,replace_now_placeholder
Medium,CAT017,/yumbo-culture-choco-andino/,/es/cultura-yumbo-choco-andino/,Yumbo Culture and the Chocó Andino,content_card,/assets/images/pages/placeholders/placeholder-clouds.jpg,assets/images/pages/replacements/cat017-card-03.jpg,Clouds across a mountain landscape containing archaeological sites,Nubes sobre un paisaje montañoso que contiene sitios arqueológicos,1600x900 minimum,16:9 landscape; keep subject away from edges,"High-quality JPG, TIFF or PNG original; site copy will be optimized to WebP",250 KB or less,Owned or licensed for commercial web use; identifiable people require permission,replace_now_placeholder
Medium,CAT017,/yumbo-culture-choco-andino/,/es/cultura-yumbo-choco-andino/,Yumbo Culture and the Chocó Andino,content_card,/assets/images/pages/placeholders/placeholder-gallery.jpg,assets/images/pages/replacements/cat017-card-06.jpg,Binoculars on a table overlooking a forested landscape,Binoculares sobre una mesa frente a un paisaje boscoso,1600x900 minimum,16:9 landscape; keep subject away from edges,"High-quality JPG, TIFF or PNG original; site copy will be optimized to WebP",250 KB or less,Owned or licensed for commercial web use; identifiable people require permission,replace_now_placeholder
Medium,CAT018,/tulipe-archaeological-site/,/es/sitio-arqueologico-tulipe/,Tulipe Archaeological Site Visitor Guide,hero,/assets/images/pages/placeholders/placeholder-tour.jpg,assets/images/pages/replacements/cat018-hero.jpg,Rural mountain route through northwestern Pichincha near Tulipe,Ruta rural de montaña por el noroccidente de Pichincha cerca de Tulipe,1800x1350 minimum,4:3 source; keep subject inside center square safe area,"High-quality JPG, TIFF or PNG original; site copy will be optimized to WebP",400 KB or less,Owned or licensed for commercial web use; identifiable people require permission,replace_now_placeholder
Medium,CAT018,/tulipe-archaeological-site/,/es/sitio-arqueologico-tulipe/,Tulipe Archaeological Site Visitor Guide,content_card,/assets/images/pages/placeholders/placeholder-clouds.jpg,assets/images/pages/replacements/cat018-card-01.jpg,Cloud-covered slopes in the Chocó Andino landscape,Laderas cubiertas de nubes en el paisaje del Chocó Andino,1600x900 minimum,16:9 landscape; keep subject away from edges,"High-quality JPG, TIFF or PNG original; site copy will be optimized to WebP",250 KB or less,Owned or licensed for commercial web use; identifiable people require permission,replace_now_placeholder
Medium,CAT018,/tulipe-archaeological-site/,/es/sitio-arqueologico-tulipe/,Tulipe Archaeological Site Visitor Guide,content_card,/assets/images/pages/placeholders/placeholder-tour.jpg,assets/images/pages/replacements/cat018-card-03.jpg,Rural path recalling movement through steep regional terrain,Camino rural que recuerda el movimiento por el terreno empinado de la región,1600x900 minimum,16:9 landscape; keep subject away from edges,"High-quality JPG, TIFF or PNG original; site copy will be optimized to WebP",250 KB or less,Owned or licensed for commercial web use; identifiable people require permission,replace_now_placeholder
Medium,CAT018,/tulipe-archaeological-site/,/es/sitio-arqueologico-tulipe/,Tulipe Archaeological Site Visitor Guide,content_card,/assets/images/pages/placeholders/placeholder-gallery.jpg,assets/images/pages/replacements/cat018-card-05.jpg,View across the forested landscape of the Chocó Andino,Vista sobre el paisaje boscoso del Chocó Andino,1600x900 minimum,16:9 landscape; keep subject away from edges,"High-quality JPG, TIFF or PNG original; site copy will be optimized to WebP",250 KB or less,Owned or licensed for commercial web use; identifiable people require permission,replace_now_placeholder
Medium,CAT019,/yunguilla-community-tourism/,/es/turismo-comunitario-yunguilla/,Yunguilla Community Tourism Guide,content_card,/assets/images/pages/placeholders/placeholder-tour.jpg,assets/images/pages/replacements/cat019-card-01.jpg,Rural road through the mountain landscape of northwestern Pichincha,Camino rural por el paisaje montañoso del noroccidente de Pichincha,1600x900 minimum,16:9 landscape; keep subject away from edges,"High-quality JPG, TIFF or PNG original; site copy will be optimized to WebP",250 KB or less,Owned or licensed for commercial web use; identifiable people require permission,replace_now_placeholder
Medium,CAT019,/yunguilla-community-tourism/,/es/turismo-comunitario-yunguilla/,Yunguilla Community Tourism Guide,content_card,/assets/images/pages/placeholders/placeholder-clouds.jpg,assets/images/pages/replacements/cat019-card-04.jpg,Cloud forest slopes surrounding rural communities,Laderas de bosque nublado alrededor de comunidades rurales,1600x900 minimum,16:9 landscape; keep subject away from edges,"High-quality JPG, TIFF or PNG original; site copy will be optimized to WebP",250 KB or less,Owned or licensed for commercial web use; identifiable people require permission,replace_now_placeholder
Medium,CAT019,/yunguilla-community-tourism/,/es/turismo-comunitario-yunguilla/,Yunguilla Community Tourism Guide,content_card,/assets/images/pages/placeholders/placeholder-gallery.jpg,assets/images/pages/replacements/cat019-card-05.jpg,View over a forested valley in the Chocó Andino,Vista sobre un valle boscoso del Chocó Andino,1600x900 minimum,16:9 landscape; keep subject away from edges,"High-quality JPG, TIFF or PNG original; site copy will be optimized to WebP",250 KB or less,Owned or licensed for commercial web use; identifiable people require permission,replace_now_placeholder
Medium,CAT020,/pacto-choco-andino-guide/,/es/guia-pacto-choco-andino/,Pacto and the Chocó Andino,content_card,/assets/images/pages/placeholders/placeholder-clouds.jpg,assets/images/pages/replacements/cat020-card-03.jpg,Clouds moving through the western mountain landscape,Nubes moviéndose por el paisaje montañoso occidental,1600x900 minimum,16:9 landscape; keep subject away from edges,"High-quality JPG, TIFF or PNG original; site copy will be optimized to WebP",250 KB or less,Owned or licensed for commercial web use; identifiable people require permission,replace_now_placeholder
Medium,CAT021,/nanegalito-choco-andino-guide/,/es/guia-nanegalito-choco-andino/,Nanegalito and the Chocó Andino,content_card,/assets/images/pages/placeholders/placeholder-tour.jpg,assets/images/pages/replacements/cat021-card-04.jpg,Rural road through northwestern Pichincha,Camino rural por el noroccidente de Pichincha,1600x900 minimum,16:9 landscape; keep subject away from edges,"High-quality JPG, TIFF or PNG original; site copy will be optimized to WebP",250 KB or less,Owned or licensed for commercial web use; identifiable people require permission,replace_now_placeholder
Medium,CAT021,/nanegalito-choco-andino-guide/,/es/guia-nanegalito-choco-andino/,Nanegalito and the Chocó Andino,content_card,/assets/images/pages/placeholders/placeholder-clouds.jpg,assets/images/pages/replacements/cat021-card-06.jpg,Clouds moving through forested mountain slopes,Nubes moviéndose por laderas montañosas boscosas,1600x900 minimum,16:9 landscape; keep subject away from edges,"High-quality JPG, TIFF or PNG original; site copy will be optimized to WebP",250 KB or less,Owned or licensed for commercial web use; identifiable people require permission,replace_now_placeholder
Medium,CAT022,/mashpi-pachijal-choco-andino/,/es/mashpi-pachijal-choco-andino/,Mashpi and Pachijal in the Chocó Andino,content_card,/assets/images/pages/placeholders/placeholder-clouds.jpg,assets/images/pages/replacements/cat022-card-01.jpg,Clouds crossing forested foothills at lower elevation,Nubes atravesando estribaciones boscosas de menor elevación,1600x900 minimum,16:9 landscape; keep subject away from edges,"High-quality JPG, TIFF or PNG original; site copy will be optimized to WebP",250 KB or less,Owned or licensed for commercial web use; identifiable people require permission,replace_now_placeholder
Medium,CAT022,/mashpi-pachijal-choco-andino/,/es/mashpi-pachijal-choco-andino/,Mashpi and Pachijal in the Chocó Andino,content_card,/assets/images/pages/placeholders/placeholder-tour.jpg,assets/images/pages/replacements/cat022-card-04.jpg,Rural road through forested western terrain,Camino rural por el terreno boscoso occidental,1600x900 minimum,16:9 landscape; keep subject away from edges,"High-quality JPG, TIFF or PNG original; site copy will be optimized to WebP",250 KB or less,Owned or licensed for commercial web use; identifiable people require permission,replace_now_placeholder
Medium,CAT022,/mashpi-pachijal-choco-andino/,/es/mashpi-pachijal-choco-andino/,Mashpi and Pachijal in the Chocó Andino,content_card,/assets/images/pages/placeholders/placeholder-gallery.jpg,assets/images/pages/replacements/cat022-card-05.jpg,View across a forested valley in the Chocó Andino,Vista sobre un valle boscoso del Chocó Andino,1600x900 minimum,16:9 landscape; keep subject away from edges,"High-quality JPG, TIFF or PNG original; site copy will be optimized to WebP",250 KB or less,Owned or licensed for commercial web use; identifiable people require permission,replace_now_placeholder
High,CAT023,/mindo-and-choco-andino/,/es/mindo-y-choco-andino/,Mindo and the Chocó Andino,content_card,/assets/images/pages/placeholders/placeholder-gallery.jpg,assets/images/pages/replacements/cat023-card-02.jpg,Binoculars overlooking a forested landscape,Binoculares frente a un paisaje boscoso,1600x900 minimum,16:9 landscape; keep subject away from edges,"High-quality JPG, TIFF or PNG original; site copy will be optimized to WebP",250 KB or less,Owned or licensed for commercial web use; identifiable people require permission,replace_now_placeholder
High,CAT023,/mindo-and-choco-andino/,/es/mindo-y-choco-andino/,Mindo and the Chocó Andino,content_card,/assets/images/pages/placeholders/placeholder-tour.jpg,assets/images/pages/replacements/cat023-card-05.jpg,Rural road connecting destinations in northwestern Pichincha,Camino rural que conecta destinos del noroccidente de Pichincha,1600x900 minimum,16:9 landscape; keep subject away from edges,"High-quality JPG, TIFF or PNG original; site copy will be optimized to WebP",250 KB or less,Owned or licensed for commercial web use; identifiable people require permission,replace_now_placeholder
High,CAT023,/mindo-and-choco-andino/,/es/mindo-y-choco-andino/,Mindo and the Chocó Andino,content_card,/assets/images/pages/placeholders/placeholder-clouds.jpg,assets/images/pages/replacements/cat023-card-06.jpg,Clouds across forested mountain elevations,Nubes sobre distintas elevaciones boscosas,1600x900 minimum,16:9 landscape; keep subject away from edges,"High-quality JPG, TIFF or PNG original; site copy will be optimized to WebP",250 KB or less,Owned or licensed for commercial web use; identifiable people require permission,replace_now_placeholder
Medium,CAT024,/cloud-forest-waterfalls-choco-andino/,/es/bosque-nublado-y-cascadas-choco-andino/,Cloud Forest and Waterfalls in the Chocó Andino,content_card,/assets/images/pages/placeholders/placeholder-clouds.jpg,assets/images/pages/replacements/cat024-card-01.jpg,Cloud layers crossing forested mountain slopes,Capas de nubes sobre laderas boscosas,1600x900 minimum,16:9 landscape; keep subject away from edges,"High-quality JPG, TIFF or PNG original; site copy will be optimized to WebP",250 KB or less,Owned or licensed for commercial web use; identifiable people require permission,replace_now_placeholder
Medium,CAT024,/cloud-forest-waterfalls-choco-andino/,/es/bosque-nublado-y-cascadas-choco-andino/,Cloud Forest and Waterfalls in the Chocó Andino,content_card,/assets/images/pages/placeholders/placeholder-tour.jpg,assets/images/pages/replacements/cat024-card-03.jpg,Rural entrance road leading into forest,Vía rural de entrada hacia el bosque,1600x900 minimum,16:9 landscape; keep subject away from edges,"High-quality JPG, TIFF or PNG original; site copy will be optimized to WebP",250 KB or less,Owned or licensed for commercial web use; identifiable people require permission,replace_now_placeholder
Medium,CAT024,/cloud-forest-waterfalls-choco-andino/,/es/bosque-nublado-y-cascadas-choco-andino/,Cloud Forest and Waterfalls in the Chocó Andino,content_card,/assets/images/pages/placeholders/placeholder-gallery.jpg,assets/images/pages/replacements/cat024-card-05.jpg,Traveler viewing wet cloud forest conditions,Visitante observando condiciones húmedas del bosque,1600x900 minimum,16:9 landscape; keep subject away from edges,"High-quality JPG, TIFF or PNG original; site copy will be optimized to WebP",250 KB or less,Owned or licensed for commercial web use; identifiable people require permission,replace_now_placeholder
Medium,CAT025,/local-farms-and-producers-choco-andino/,/es/fincas-y-productores-choco-andino/,Local Farms and Producers in the Chocó Andino,content_card,/assets/images/pages/placeholders/placeholder-tour.jpg,assets/images/pages/replacements/cat025-card-03.jpg,Rural productive landscape in northwestern Pichincha,Paisaje productivo rural del noroccidente de Pichincha,1600x900 minimum,16:9 landscape; keep subject away from edges,"High-quality JPG, TIFF or PNG original; site copy will be optimized to WebP",250 KB or less,Owned or licensed for commercial web use; identifiable people require permission,replace_now_placeholder
Medium,CAT025,/local-farms-and-producers-choco-andino/,/es/fincas-y-productores-choco-andino/,Local Farms and Producers in the Chocó Andino,content_card,/assets/images/pages/placeholders/placeholder-hero.jpg,assets/images/pages/replacements/cat025-card-06.jpg,Rural learning setting overlooking forest,Espacio rural de aprendizaje con vista al bosque,1600x900 minimum,16:9 landscape; keep subject away from edges,"High-quality JPG, TIFF or PNG original; site copy will be optimized to WebP",250 KB or less,Owned or licensed for commercial web use; identifiable people require permission,replace_now_placeholder
High,CAT026,/quito-to-choco-andino-transport/,/es/transporte-quito-choco-andino/,Quito to the Chocó Andino Transport,content_card,/assets/images/pages/placeholders/placeholder-tour.jpg,assets/images/pages/replacements/cat026-card-01.jpg,Urban meeting point used to discuss Quito pickup,Punto urbano usado para coordinar una recogida en Quito,1600x900 minimum,16:9 landscape; keep subject away from edges,"High-quality JPG, TIFF or PNG original; site copy will be optimized to WebP",250 KB or less,Owned or licensed for commercial web use; identifiable people require permission,replace_now_placeholder
High,CAT026,/quito-to-choco-andino-transport/,/es/transporte-quito-choco-andino/,Quito to the Chocó Andino Transport,content_card,/assets/images/pages/placeholders/placeholder-gallery.jpg,assets/images/pages/replacements/cat026-card-03.jpg,Travel equipment representing passenger and luggage needs,Equipo de viaje como ejemplo de necesidades de pasajeros y equipaje,1600x900 minimum,16:9 landscape; keep subject away from edges,"High-quality JPG, TIFF or PNG original; site copy will be optimized to WebP",250 KB or less,Owned or licensed for commercial web use; identifiable people require permission,replace_now_placeholder
High,CAT026,/quito-to-choco-andino-transport/,/es/transporte-quito-choco-andino/,Quito to the Chocó Andino Transport,content_card,/assets/images/pages/placeholders/placeholder-clouds.jpg,assets/images/pages/replacements/cat026-card-04.jpg,Clouds over mountain roads where weather affects travel,Nubes sobre caminos montañosos afectados por el clima,1600x900 minimum,16:9 landscape; keep subject away from edges,"High-quality JPG, TIFF or PNG original; site copy will be optimized to WebP",250 KB or less,Owned or licensed for commercial web use; identifiable people require permission,replace_now_placeholder
Medium,CAT027,/choco-andino-itinerary-one-day/,/es/itinerario-choco-andino-un-dia/,One-Day Chocó Andino Itinerary,content_card,/assets/images/pages/placeholders/placeholder-hero.jpg,assets/images/pages/replacements/cat027-card-03.jpg,Rural setting representing community-led regional learning,Entorno rural para aprendizaje guiado por una comunidad,1600x900 minimum,16:9 landscape; keep subject away from edges,"High-quality JPG, TIFF or PNG original; site copy will be optimized to WebP",250 KB or less,Owned or licensed for commercial web use; identifiable people require permission,replace_now_placeholder
Medium,CAT027,/choco-andino-itinerary-one-day/,/es/itinerario-choco-andino-un-dia/,One-Day Chocó Andino Itinerary,content_card,/assets/images/pages/placeholders/placeholder-clouds.jpg,assets/images/pages/replacements/cat027-card-04.jpg,Clouds crossing a scenic mountain route,Nubes cruzando una ruta escénica de montaña,1600x900 minimum,16:9 landscape; keep subject away from edges,"High-quality JPG, TIFF or PNG original; site copy will be optimized to WebP",250 KB or less,Owned or licensed for commercial web use; identifiable people require permission,replace_now_placeholder
Medium,CAT027,/choco-andino-itinerary-one-day/,/es/itinerario-choco-andino-un-dia/,One-Day Chocó Andino Itinerary,content_card,/assets/images/pages/placeholders/placeholder-tour.jpg,assets/images/pages/replacements/cat027-card-06.jpg,Regional road illustrating transport and return planning,Vía regional para planificar transporte y regreso,1600x900 minimum,16:9 landscape; keep subject away from edges,"High-quality JPG, TIFF or PNG original; site copy will be optimized to WebP",250 KB or less,Owned or licensed for commercial web use; identifiable people require permission,replace_now_placeholder
Medium,CAT028,/choco-andino-itinerary-two-days/,/es/itinerario-choco-andino-dos-dias/,Two-Day Chocó Andino Itinerary,content_card,/assets/images/pages/placeholders/placeholder-hero.jpg,assets/images/pages/replacements/cat028-card-03.jpg,Community learning setting for a slower second day,Entorno comunitario para un segundo día más lento,1600x900 minimum,16:9 landscape; keep subject away from edges,"High-quality JPG, TIFF or PNG original; site copy will be optimized to WebP",250 KB or less,Owned or licensed for commercial web use; identifiable people require permission,replace_now_placeholder
Medium,CAT028,/choco-andino-itinerary-two-days/,/es/itinerario-choco-andino-dos-dias/,Two-Day Chocó Andino Itinerary,content_card,/assets/images/pages/placeholders/placeholder-gallery.jpg,assets/images/pages/replacements/cat028-card-05.jpg,Photography equipment representing specialist nature priorities,Equipo fotográfico para prioridades naturalistas,1600x900 minimum,16:9 landscape; keep subject away from edges,"High-quality JPG, TIFF or PNG original; site copy will be optimized to WebP",250 KB or less,Owned or licensed for commercial web use; identifiable people require permission,replace_now_placeholder
Medium,CAT028,/choco-andino-itinerary-two-days/,/es/itinerario-choco-andino-dos-dias/,Two-Day Chocó Andino Itinerary,content_card,/assets/images/pages/placeholders/placeholder-tour.jpg,assets/images/pages/replacements/cat028-card-06.jpg,Rural road connecting a confirmed regional base and visits,Vía rural entre una base confirmada y las visitas,1600x900 minimum,16:9 landscape; keep subject away from edges,"High-quality JPG, TIFF or PNG original; site copy will be optimized to WebP",250 KB or less,Owned or licensed for commercial web use; identifiable people require permission,replace_now_placeholder
Medium,CAT029,/best-time-to-visit-choco-andino/,/es/mejor-epoca-para-visitar-choco-andino/,Best Time to Visit the Chocó Andino,hero,/assets/images/pages/placeholders/placeholder-clouds.jpg,assets/images/pages/replacements/cat029-hero.jpg,Cloud and mist moving across forested Chocó Andino mountains,Nubes y neblina sobre montañas boscosas del Chocó Andino,1800x1350 minimum,4:3 source; keep subject inside center square safe area,"High-quality JPG, TIFF or PNG original; site copy will be optimized to WebP",400 KB or less,Owned or licensed for commercial web use; identifiable people require permission,replace_now_placeholder
Medium,CAT029,/best-time-to-visit-choco-andino/,/es/mejor-epoca-para-visitar-choco-andino/,Best Time to Visit the Chocó Andino,content_card,/assets/images/pages/placeholders/placeholder-clouds.jpg,assets/images/pages/replacements/cat029-card-01.jpg,Low cloud over layered forest slopes,Nubes bajas sobre laderas boscosas,1600x900 minimum,16:9 landscape; keep subject away from edges,"High-quality JPG, TIFF or PNG original; site copy will be optimized to WebP",250 KB or less,Owned or licensed for commercial web use; identifiable people require permission,replace_now_placeholder
Medium,CAT029,/best-time-to-visit-choco-andino/,/es/mejor-epoca-para-visitar-choco-andino/,Best Time to Visit the Chocó Andino,content_card,/assets/images/pages/placeholders/placeholder-tour.jpg,assets/images/pages/replacements/cat029-card-03.jpg,Rural road through green mountain landscape,Vía rural en un paisaje verde de montaña,1600x900 minimum,16:9 landscape; keep subject away from edges,"High-quality JPG, TIFF or PNG original; site copy will be optimized to WebP",250 KB or less,Owned or licensed for commercial web use; identifiable people require permission,replace_now_placeholder
Medium,CAT029,/best-time-to-visit-choco-andino/,/es/mejor-epoca-para-visitar-choco-andino/,Best Time to Visit the Chocó Andino,content_card,/assets/images/pages/placeholders/placeholder-gallery.jpg,assets/images/pages/replacements/cat029-card-04.jpg,Binoculars prepared for forest observation,Binoculares preparados para observación en bosque,1600x900 minimum,16:9 landscape; keep subject away from edges,"High-quality JPG, TIFF or PNG original; site copy will be optimized to WebP",250 KB or less,Owned or licensed for commercial web use; identifiable people require permission,replace_now_placeholder
Medium,CAT030,/family-tours-choco-andino/,/es/tours-familiares-choco-andino/,Family Tours in the Chocó Andino,content_card,/assets/images/pages/placeholders/placeholder-tour.jpg,assets/images/pages/replacements/cat030-card-05.jpg,Rural mountain road used for a flexible family transfer,Vía rural usada para un traslado familiar flexible,1600x900 minimum,16:9 landscape; keep subject away from edges,"High-quality JPG, TIFF or PNG original; site copy will be optimized to WebP",250 KB or less,Owned or licensed for commercial web use; identifiable people require permission,replace_now_placeholder
Medium,CAT030,/family-tours-choco-andino/,/es/tours-familiares-choco-andino/,Family Tours in the Chocó Andino,content_card,/assets/images/pages/placeholders/placeholder-gallery.jpg,assets/images/pages/replacements/cat030-card-06.jpg,Binoculars for a patient family wildlife introduction,Binoculares para una introducción familiar a la fauna,1600x900 minimum,16:9 landscape; keep subject away from edges,"High-quality JPG, TIFF or PNG original; site copy will be optimized to WebP",250 KB or less,Owned or licensed for commercial web use; identifiable people require permission,replace_now_placeholder
High,CAT031,/birdwatching-choco-andino/,/es/avistamiento-de-aves-choco-andino/,Birdwatching in the Chocó Andino,hero,/assets/images/pages/placeholders/placeholder-gallery.jpg,assets/images/pages/replacements/cat031-hero.jpg,Binoculars used for cloud forest birdwatching in the Chocó Andino,Binoculares usados para observar aves en el bosque nublado,1800x1350 minimum,4:3 source; keep subject inside center square safe area,"High-quality JPG, TIFF or PNG original; site copy will be optimized to WebP",400 KB or less,Owned or licensed for commercial web use; identifiable people require permission,replace_now_placeholder
High,CAT031,/birdwatching-choco-andino/,/es/avistamiento-de-aves-choco-andino/,Birdwatching in the Chocó Andino,content_card,/assets/images/pages/placeholders/placeholder-gallery.jpg,assets/images/pages/replacements/cat031-card-02.jpg,Binoculars representing target-species planning,Binoculares para planificar especies objetivo,1600x900 minimum,16:9 landscape; keep subject away from edges,"High-quality JPG, TIFF or PNG original; site copy will be optimized to WebP",250 KB or less,Owned or licensed for commercial web use; identifiable people require permission,replace_now_placeholder
High,CAT031,/birdwatching-choco-andino/,/es/avistamiento-de-aves-choco-andino/,Birdwatching in the Chocó Andino,content_card,/assets/images/pages/placeholders/placeholder-clouds.jpg,assets/images/pages/replacements/cat031-card-03.jpg,Mist and changing light in cloud forest,Neblina y luz cambiante en el bosque,1600x900 minimum,16:9 landscape; keep subject away from edges,"High-quality JPG, TIFF or PNG original; site copy will be optimized to WebP",250 KB or less,Owned or licensed for commercial web use; identifiable people require permission,replace_now_placeholder
High,CAT031,/birdwatching-choco-andino/,/es/avistamiento-de-aves-choco-andino/,Birdwatching in the Chocó Andino,content_card,/assets/images/pages/placeholders/placeholder-tour.jpg,assets/images/pages/replacements/cat031-card-04.jpg,Rural road connecting birding habitats,Vía rural entre hábitats de aves,1600x900 minimum,16:9 landscape; keep subject away from edges,"High-quality JPG, TIFF or PNG original; site copy will be optimized to WebP",250 KB or less,Owned or licensed for commercial web use; identifiable people require permission,replace_now_placeholder
High,CAT032,/mindo-adventure-and-activities/,/es/aventura-y-actividades-en-mindo/,Mindo Adventure and Activities,content_card,/assets/images/pages/placeholders/placeholder-tour.jpg,assets/images/pages/replacements/cat032-card-02.jpg,Forest route representing canopy adventure logistics,Ruta de bosque para logística de canopy,1600x900 minimum,16:9 landscape; keep subject away from edges,"High-quality JPG, TIFF or PNG original; site copy will be optimized to WebP",250 KB or less,Owned or licensed for commercial web use; identifiable people require permission,replace_now_placeholder
High,CAT032,/mindo-adventure-and-activities/,/es/aventura-y-actividades-en-mindo/,Mindo Adventure and Activities,content_card,/assets/images/pages/placeholders/placeholder-clouds.jpg,assets/images/pages/replacements/cat032-card-03.jpg,Cloud forest weather relevant to river activities,Clima de bosque relevante para actividades de río,1600x900 minimum,16:9 landscape; keep subject away from edges,"High-quality JPG, TIFF or PNG original; site copy will be optimized to WebP",250 KB or less,Owned or licensed for commercial web use; identifiable people require permission,replace_now_placeholder
High,CAT032,/mindo-adventure-and-activities/,/es/aventura-y-actividades-en-mindo/,Mindo Adventure and Activities,content_card,/assets/images/pages/placeholders/placeholder-gallery.jpg,assets/images/pages/replacements/cat032-card-06.jpg,Binoculars marking the specialist birding boundary,Binoculares que marcan el límite especialista,1600x900 minimum,16:9 landscape; keep subject away from edges,"High-quality JPG, TIFF or PNG original; site copy will be optimized to WebP",250 KB or less,Owned or licensed for commercial web use; identifiable people require permission,replace_now_placeholder
